"People born in the US between 1925 and 1945 are often referred to as what?","Silent generation","Lost generation","Beat generation",0,10
"Which of these made its first ever journey in 1914?","High-speed train","Cruise ship","Commercial plane",2,9
"Which of these so-called “lost cities' was brought to international attention by a US explorer turned senator?","Machu Picchu","Carthage","Angkor",0,8
"The first female pilot to fly solo from England to Australia was born where?","Edinburgh","Portsmouth","Hull",2,10
"Which country experimented with a new work-based calendar in the 1930s, colour coding workers' days off?","Soviet Union","China","Germany",0,9
"Who coined the phrase “survival of the fittest”?","Charles Darwin","William Golding","Herbert Spencer",2,8
"Which of these is a US president known by the initials JFK?","Jimmy F. Kimmel","Johnny F. Knoxville","John F. Kennedy",2,2
"In the 17th century, London's Covent Garden was a market specialising in which of the following?","Fruit and vegetables","Bread and cakes","Meat and fish",0,5
"Which of these was discovered during the construction of the A28 motorway in the Netherlands?","A mammoth's tusk","A Rembrandt sketch","An ancient boat",2,11
"Which of these Labour politicians shares his first name with his party's founder?","Keir Starmer","Tom Watson","Barry Gardiner",0,6
"Which of these first started operating in 1911 on the London Underground?","Escalators","Automatic doors","Ticket machines",0,7
"Sri Lanka was the first country to have which of the following?","Female Prime Minister","Buddhist president","Child Emperor",0,7
"Which of the following was imposed on Russian society in the late 17th century?","Soap tax","Beard tax","Spectacles tax",1,9
"The first Hollywood feature movie shown on a flight was an adaptation of whose work?","Agatha Christie","Arthur Conan Doyle","HG Wells",1,7
"Who was British Prime Minister during the Abdication crisis?","Neville Chamberlain","Stanley Baldwin","Ramsay MacDonald",1,8
"Which US president reportedly spoke Chinese?","Richard Nixon","Herbert Hoover","Theodore Roosevelt",1,7
"In early maps of the seas, how were sailors depicted as repelling sea monsters?","Playing the trumpet","Using mirrors","Feeding them pigs",0,12
"What was the last Soviet state to leave the USSR?","Russia","Turkmenistan","Kazakhstan",2,9
"Which of these places was at the heart of the global lace industry in the 19th century?","Norwich","Newcastle","Nottingham",2,6
"Which country changed its timezone in the Noughties to allow a “fairer distribution” of sunrise?","Cuba","North Korea","Venezuela",2,10
"The Environmental Protection Agency was formed under the US president who held the office during what event?","Moon landing","Cuban Missile Crisis","Fall of Berlin Wall",0,11
"Napoleon Bonaparte was once famously turned upon by a group of which animals?","Rabbits","Seagulls","Bears",0,7
"What was the name of the pass through which Leonidas led the Spartans?","Khyber","Thermopylae","Brenner",1,4
"Which of these was an ancient trade route?","Spandex Superhighway","Silk Road","Rayon Expressway",1,1
"Who was the last British monarch NOT to be crowned?","Charles II","Edward VIII","George VI",1,6
"Which of these historical figures appeared on the Bank of England's £5 note between 1990 and 2003?","Florence Nightingale","George Stephenson","Christopher Wren",1,7
"Which of these US presidents NEVER had a vice president?","Gerald Ford","Calvin Coolidge","Millard Fillmore",2,12
"Who was the first American woman to be named “Time” magazine’s Person of the Year?","Wallis Simpson","Amelia Earhart","Jackie Kennedy",0,9
"Which of these events occured in Berlin in November 1989?","First hipster sighting","The fall of the Wall","Invention of sausages",1,2
"Where did Presidents Reagan and Gorbachev hold the first of their summit meetings in the 80s?","Geneva","Reykjavik","Helsinki",0,9
"Of these three names, which was the most popular for baby boys born in England and Wales in 1984?","Martin","Gareth","Dean",1,12
"What relation was US president Thomas Jefferson to his acting first lady?","Her brother","Her cousin","Her father",2,9
"What did Margaret Thatcher's longest-serving Cabinet minister famously call one of his dogs?","Tax","Budget","Chancellor",1,12
"Which of these was the first European explorer to reach India by sea?","Vasco da Gama","Christopher Columbus","Ferdinand Magellan",0,6
"Which sitting US president was arrested for causing a traffic accident?","Franklin Pierce","Calvin Coolidge","Abraham Lincoln",0,10
"Which of these historical figures tutored Alexander the Great?","Aristotle","Henry VIII","Leonardo da Vinci",0,5
"Which of these people received the Lenin Peace Prize, the Soviet equivalent of the Nobel Peace Prize?","Charlie Chaplin","Pablo Picasso","Mother Teresa",1,10
"Which one of these was NOT a nation where the Battle of the Bulge was fought?","France","Belgium","The Netherlands",2,13
"A conflict that took place in the 1830s between France and Mexico is known by which of these names?","The Umbrella War","The Pig War","The Pastry War",2,12
"Which of these magicians reportedly worked for the British military during World War II creating camouflage deceptions?","Tommy Cooper","Jasper Maskelyne","David Nixon",1,11
"Which ship sank on the return journey after claiming Newfoundland for Elizabeth I?","HMS Swiftsure","HMS Golden Hind","HMS Squirrel",2,11
"Who stood in the same constituency as Margaret Thatcher in 1987 and Theresa May in 2017?","Lord Buckethead","Earl Sandpaperface","The Duke of Cheesenose",0,4
"Who delivered Britain's first live televised budget speech?","Nigel Lawson","Norman Lamont","John Major",2,9
"James is NOT the actual first name of which of these British Prime Ministers?","Ramsay MacDonald","Gordon Brown","David Cameron",2,8
"Which three S's did The Salvation Army founder believe the charity provided?","Soup / Soap / Salvation","Sun / Sand / Seafood","Spam / Spuds / Salt",0,3
"Which of these languages is NOT present on The Rosetta Stone?","Egyptian","Korean","Greek",1,4
"Which US politician published a memoir entitled “The Restless Wave”?","John McCain","Jesse Jackson","John F. Kennedy",0,6
"The US Army's Stargate Project investigated which of these phenomena?","Alien life","Psychic powers","Time travel",1,7
"A statue of which of these politicians is NOT found in London's Parliament Square?","Benjamin Disraeli","Abraham Lincoln","William Gladstone",2,9
"In 1620, which of these was the first name of one of the passengers on The Mayflower?","Wrestling","Leaving","Blessing",0,10
"What is the English translation of the political newspaper founded by Vladimir Lenin in 1900?","The Sickle","The Truth","The Spark",2,12
"What plan did the US army consider as a response to the Soviet Sputnik launch?","Send Elvis into space","Scrap NASA","Blow up the moon",2,7
"Who disguised himself as a butterfly collector when he was a spy for the British army?","Lord Baden-Powell","Rudyard Kipling","Winston Churchill",0,12
"The symbol for the US Democrat Party can be traced back to an insult aimed at which president?","Andrew Jackson","Abraham Lincoln","Thomas Jefferson",0,10
"Which of these historical periods occurred most recently?","Roman Republic","Roman Empire","Roman Kingdom",1,15
"Which item of footwear takes its name from the loading line on ships?","Clog","Sandal","Plimsoll",2,4
"Which of these was the youngest person to become US President?","John F. Kennedy","Barack Obama","Theodore Roosevelt",2,8
"Albert Einstein declined which of these in the early 1950s?","A Nobel Prize","German citizenship","A national presidency",2,9
"In which country was the first English language news sheet published?","America","India","The Netherlands",2,12
"In the 1930s, the Times offered a reward to anyone who slept in a “haunted” tube station near where?","British Museum","Pentonville Prison","Highgate Cemetery",0,7
"In Greek mythology, what was the name of the creature kept by the King of Crete?","Cerberus","Minotaur","Hydra",1,4
"What is the usual English meaning of the French political party founded in 2016 by Emmanuel Macron?","Striving for justice","Moving","Riding the wave",1,5
"Which US territory was partly occupied by Japanese forces during World War II?","American Samoa","Puerto Rico","Alaska",2,7
"What did a Welsh monk convince soldiers to tie to their headgear in the 6th century?","Leeks","Carrots","Haggis",0,4
"In 15th century Switzerland, for what reason was a cockerel put on trial?","Being a spy","Laying an egg","Destroying crops",1,12
"Russian politican Vladimir Lenin was exiled to which area in the late 19th century?","Clacton-on-Sea","Benidorm","Siberia",2,4
"Which of these ancient civilisations invented the aqueduct?","Minoans","Phoenicians","Romans",0,9
"The Neander Valley, site of one of the earliest fossil discoveries, is in which continent?","Asia","Europe","Africa",1,5
"Who was the first US president to travel outside the country while in office?","Theodore Roosevelt","Thomas Jefferson","Woodrow Wilson",0,11
"Which of these landmarks was bought and sold during World War I?","Blackpool Tower","Stonehenge","The Tower of London",1,12
"Which of these actors did NOT go to school with Prince William?","Benedict Cumberbatch","Eddie Redmayne","Tom Hiddleston",0,11
"The first ever skywriting message over British skies was an advertisement for what?","Ribena","OXO Cubes","The Daily Mail",2,12
"Where did Napoleon Bonaparte ultimately lose his life?","Saint Helena","Waterloo","Elba",0,13
"Which US president appeared on the largest denomination of currency the US has ever printed?","Woodrow Wilson","Abraham Lincoln","James Madison",0,9
"The father of which politician had a brief career as a professional baseball player?","John F. Kennedy","John Major","Jimmy Carter",1,6
"In ancient Greece, throwing which of these fruit to a woman was considered a traditional marriage proposal?","Pomegranate","Pear","Apple",2,7
"Why did President Andrew Jackson once invite 10,000 people to the White House?","To eat cheese","To watch pig racing","To hear him sing",0,7
"What gift was given to French workers when the two sides of the tunnel met under the Channel?","A toy bear","Fish and chips","A Union Jack",0,9
"The person who named the world's largest island in the northern hemisphere is known by which name?","Alexander the White","Erik the Red","Kristofer the Green",1,5
"Which of these historical figures married Pocahontas?","John Bolling","John Rolfe","John Smith",1,7
"Which of these members of the royal family was NOT married at Westminster Abbey?","Prince Edward","Prince William","Princess Anne",0,12
"Who were the first people to build a structure at the site of the hot springs in Bath?","Celts","Romans","Saxons",0,8
"Which of these figures has had an official day dedicated to them by the UN?","Nelson Mandela","Marie Curie","Martin Luther King",0,6
"Which of these is NOT one of the original Seven Wonders of the Ancient World?","Colossus of Rhodes","Lighthouse of Alexandria","Great Wall of China",2,6
"Which of these was NOT a nickname attributed to the British Prime Minister David Lloyd George?","Welsh Goat","Welsh Dragon","Welsh Wizard",1,10
"Canadian Prime Minister Justin Trudeau went to school with which of these actors?","Matthew Perry","Matt LeBlanc","Matt Damon",0,7
"Who was the first English monarch to write and publish a book?","George III","James I","Henry VIII",2,10
"The first person to make a successful solo ascent of Everest was born in which country?","Switzerland","Italy","Japan",1,12
"Where was Catherine of Aragon born?","Spain","France","England",0,5
"Which of these stolen items was recovered with the help of a dog?","Stone of Scone","Mona Lisa","Jules Rimet Trophy",2,8
"What was the name of the last private resident of the terrace that the Prime Minister occupies?","Mr Sheep","Mr Cow","Mr Chicken",2,7
"Which of these places was visited by Christopher Columbus?","Massachusetts","Bahamas","Florida",1,5
"Who is the only US president NEVER to have been elected as either vice president or president?","Jimmy Carter","Gerald Ford","Richard Nixon",1,6
"Which of these personalities was made a UN Goodwill Ambassador in 2017?","Lilly Singh","Novak Djokovic","Emma Watson",0,8
"Which institution is sometimes known as “The Old Lady of Threadneedle Street”?","Lloyd's of London","London Stock Exchange","Bank of England",2,4
"George HW Bush banned which of these from Air Force One?","Broccoli","CIA code names","Russian vodka",0,6
"Which original phrase did Queen Victoria refuse to have inscribed on the Victoria Cross?","“For military merit'","“Honour of men”","“For the brave”",2,11
"At the beginning of 1980, who was the leader of the Labour Party?","Neil Kinnock","James Callaghan","Michael Foot",1,6
"Of these countries, which was the only one to join the European Union during the 80s?","Greece","Denmark","Austria",0,11
"In the House of Commons the male MP with the longest continuous service is known by which title?","Grandfather of the House","Godfather of the House","Father of the House",2,6
"What is the name of the lower division of the Isle of Man's parliament?","House of Keys","Hall of Mirrors","Chamber of Secrets",0,6
"The Queen's paternal grandfather had a tattoo of what on his arm?","A dragon","A rose","A sword",0,10
"Which US president was the first to have his photograph taken while in office?","William Harrison","Abraham Lincoln","Andrew Jackson",0,19
"In the American Old West, lawbreakers were found on what type of posters?","Most Chic","He’ll Teach You Guitar","Wanted",2,1
"Which of these explorers was never seen again after his rebellious crew set him adrift?","James Cook","William Bligh","Henry Hudson",2,11
"Who was the last British monarch to be buried outside of the UK?","Richard I","George I","Edward VIII",1,6
"Which of the following people does NOT have a star on the Hollywood Walk of Fame?","Hugh Laurie","Simon Cowell","Whitney Houston",2,9
"Which UK city was the first to have its own public fire service?","Edinburgh","Cardiff","Portsmouth",0,10
"Which prominent 19th century figure appears on the local currency of a Devon town?","Isambard Kingdom Brunel","George Stephenson","Charles Babbage",2,12
"Time magazine's inaugural Man of the Year award was won by which of these figures?","Henry Ford","Franklin D. Roosevelt","Charles Lindbergh",2,10
"Which of these London railway stations takes its name from a Roman teenager?","Victoria","Charing Cross","St Pancras",2,4
"Which of these were hired in 18th century Britain for social occasions in order to display prestige?","Cuckoo clocks","Wombats","Pineapples",2,7
"Which of these was discovered by a person in Turkey in the early 1960s while renovating their home?","Ancient biblical scrolls","A dinosaur skeleton","A lost city",2,8
"The State Opening of Parliament takes place in which of these locations?","Westminster Hall","House of Lords","House of Commons",1,6
"Which of these Cabinet posts was NOT held by Kenneth Clarke during the 80s?","Employment Secretary","Health Secretary","Education Secretary",2,10
"Which of these Italian regions has the most UNESCO World Heritage sites?","Sicily","Lombardy","Tuscany",1,11
"The child of which former prime minister has appeared in an opera in the West End?","John Major","Margaret Thatcher","Tony Blair",2,9
"Which of the following is NOT one of the Queen's great-grandchildren?","Savannah","Sophia","Lena",1,10
"Which of these names is mentioned in the Domesday Book?","Maurice","Lancelot","Lemar",2,11
"Which of these was NOT one of the original Boy Scout Merit badges introduced in 1911?","Taxidermy","Archaeology","Bugling",1,12
"Howard Carter located the royal tomb of which of these pharaohs in 1902?","Tutankhamun","Hatshepsut","Ramses II",1,7
"Which of these was among the flags planted by Edmund Hillary and Tenzing Norgay on the summit of Everest?","United Nations flag","Flag of New Zealand","Flag of Australia",0,12
"In Greek mythology, which of these heroes was dipped in the river Styx by his mother?","Heracles","Achilles","Theseus",1,5
"According to folklore, what did King Arthur's magician transport to England in one night?","Stonehenge","Glastonbury Tor","Hadrian's Wall",0,6
"Which of these awards CANNOT be given posthumously?","BAFTA","Nobel Prize","Grammy",1,8
"Winston Churchill first held a cabinet position as a member of which political party?","Labour","Liberal","Conservative",1,9
"Which of the following were suspended in Britain during World War II?","University exams","Driving tests","Royal Christmas speeches",1,8
"Which of the following people has NEVER appeared on a banknote issued by the Bank of England?","Michael Faraday","Florence Nightingale","Walter Raleigh",2,10
"This week MPs questioned which of the following at a parliamentary meeting?","A Magic 8 Ball","A parrot","A robot",2,3
"In 2017 which philanthropist received the French Legion of Honour medal for his charity work?","Bill Gates","Mark Zuckerberg","Richard Branson",0,7
"In the early 19th century, French publications caused controversy by depicting the king as what?","A pirate","A fruit","A priest",1,10
"Which of these natural events gives its name to a sixth century BC battle in the Middle East?","An earthquake","A meteor","An eclipse",2,11
"In German folklore winter will continue if which animal sees its shadow on 2 February?","Groundhog","Badger","Wolf",1,12
"The longest-serving UN Secretary General came from which country?","Peru","Ghana","Myanmar",2,9
"Which of these countries' former kings went on to become its Prime Minister in the early 21st century?","Bulgaria","Greece","Portugal",0,11
"Which of these presidents received the fewest number of votes in a national election for that office?","John F. Kennedy","Gerald Ford","George W. Bush",1,9
"Friday is named after the Norse deity associated with what?","Weather","Marriage","War",1,13
"Which of these phrases does NOT appear in the Gettysburg Address?","Cradle of democracy","Unfinished work","Birth of freedom",0,11
"Which of these people served in the military in World War II?","Neil Armstrong","Paul Newman","Martin Luther King Jr",1,9
"Before becoming Queen, Elizabeth II worked as which of these during World War II?","Mechanic","Vet","Train driver",0,5
"A former Chancellor of the Exchequer is credited with inventing which of these terms?","Welfare state","Rogue state","Nanny state",2,11
"From which royal residence did King Edward VIII deliver his abdication speech?","Windsor Castle","Buckingham Palace","Sandringham House",0,12
"Which of these US presidents did NOT win a Nobel Prize?","Woodrow Wilson","Theodore Roosevelt","Herbert Hoover",2,8
"Which animal was used in a 1960s British TV campaign to promote traffic awareness to children?","Hedgehog","Squirrel","Fox",1,9
"Arthur Balfour was the first British Prime Minister to do which of these while in office?","Own a car at Downing St","Own a holiday home","Own a Derby winner",0,16
"Which of these US states was the first to grant women the right to vote?","Massachusetts","Wyoming","Minnesota",1,7
"Charles Kennedy was the leader of which political party?","Conservative","Labour","Liberal Democrats",2,5
"Who was the first non-mythical woman to appear on official US currency?","Pocahontas","Susan B. Anthony","Martha Washington",0,15
"In the House of Lords, what is the name of the seat on which the Lord Chancellor sits?","Silkthrone","Tartanrug","Woolsack",2,3
"Which of these former prime ministers did NOT attend university?","John Major","Stanley Baldwin","Clement Attlee",0,8
"A fair dedicated to raising funds for which hospital was stopped in the 19th century because of bawdy behaviour?","Great Ormond Street","Moorfields","Barts",2,10
"Which British monarch was the last Emperor or Empress of India?","Victoria","Elizabeth II","George VI",2,9
"What was the only place George Washington ever visited outside the US?","Barbados","Bermuda","Bahamas",0,9
"What was the last French colony to vote in favour of independence?","Mali","Senegal","Djibouti",2,11
"What is George W. Bush's middle name?","Walker","William","Walter",0,5
"Which former Deputy Prime Minister did the tabloids nickname “Two Jags”?","John Prescott","Nick Clegg","Michael Heseltine",0,4
"Which word was removed from the official name of the Commonwealth in the late 1940s?","United","Empire","British",2,8
"Who was British Prime Minister when the Berlin Wall fell?","Tony Blair","Margaret Thatcher","John Major",1,5
"In a photo released to mark his 70th birthday, who sat on Prince Charles' knee?","Prince George","Camilla","Prince Harry",0,1
"Who was the first British Prime Minister to use Chequers as a country residence?","David Lloyd George","Stanley Baldwin","William Gladstone",0,7
"In the House of Commons, what word follows “My Honourable” when MPs refer to their own party members?","Gentleman","Sir","Friend",2,5
"What did Winston Churchill refer to as a “riddle, wrapped in a mystery, inside an enigma”","The House of Commons","Russia","Neville Chamberlain",1,9
"Until 1965, motorways in Britain did NOT have which of the following?","Hard shoulders","Speed limits","Service stations",1,12
"What was the first building in the world to exceed the height of the Great Pyramid at Giza?","Lincoln Cathedral","Eiffel Tower","Empire State Building",0,13
"Which of these people did NOT sign the American Declaration of Independence?","Thomas Jefferson","John Adams","George Washington",2,14
"Which UK police rank is denoted by three pips on the epaulettes?","Inspector","Sergeant","Chief Inspector",2,21
"Which of these Greek philosophers is known to have met the other two?","Aristotle","Socrates","Plato",2,12
"In 2009, Alan Sugar was appointed to the House of Lords with which title?","Lord Ams of Cumbria","Baron Sugar of Clapton","Earl Alan of Cheshire",1,4
"In Greek mythology, the goddess Nyx is the female personification of what?","Right","Night","Sight",1,6
"What did the king of Norway sell to Scotland in the thirteenth century?","The North Sea","The Shetland Islands","The Isle of Man",2,11
"The Prime Minister also holds the position of “First Lord of the” what?","Flies","Treasury","Rings",1,2
"Which of these politicians was NOT officially a member of Tony Blair's first Cabinet?","Clare Short","Robin Cook","Peter Mandelson",2,11
"A group of female MPs was reprimanded for doing what in the House of Commons?","Playing football","Dabbing","Tweeting",0,6
"A lost portrait of which figure was discovered in an auction in South Africa?","Charles Darwin","King Charles II","Charles Dickens",2,11
"Which of these countries is a member of the “G7” international organisation?","Italy","China","Australia",0,6
"In 2018 the UK government used imagery from which arcade game in a road safety campaign?","Pac-Man","Frogger","Space Invaders",2,18
"Which of these has NOT been a class of US submarine?","Crab","Alligator","Dolphin",0,19
"The founder of Bolivia features in the official name of which other South American country?","Peru","Colombia","Venezuela",2,20
"What relative of John Wilkes Booth saved the life of Abraham Lincoln’s son?","Father","Son","Brother",2,12
"Which of these settings would you find on a washing machine?","Spin cycle","News cycle","Creamsicle",0,1
"Known for naming World Heritage sites, UNESCO is a part of what agency?","United Nations","Interpol","World Bank",0,4
"What US president officially named the White House the 'White House'?","James Madison","George Washington","Teddy Roosevelt",2,7
"An initiative from the Netherlands to promote what was in the news this week?","Road safety","Healthy eating","Computer literacy",0,12
"In the UK, Girl Guides between the ages of five and seven are known as what?","Rangers","Rainbows","Brownies",1,8
"To preserve its authentic atmosphere, what has the English village of Theydon Bois refused to install?","Speed humps","Street lights","Parking meters",1,8
"What do photographers normally tell their subjects to say?","Cheese","Bacon","Jalapeño",0,1
"Before becoming the title of a major Russian newspaper, 'Izvestia' usually translated to which of these in English?","Delivered messages","Blanket coverage","Truth",0,10
"Which of these would you use to eliminate creases from your clothes?","Steam boat","Steam iron","Steam train",1,2
"What traditional event in Nottingham began in the late 13th century?","Goose fair","Horse market","Town crier contest",0,5
"Which of these is the name of a British daily newspaper?","The Daily Telegraph","Morning Malarkey","Nightly Memo",0,1
"Which of these is illegal to do in the United Kingdom without a license?","Swim in a pool","Operate a gas stove","Watch live television",2,8
"A robbery in 2014 in Brazil led to fears of a shortage in which of the following?","Emoji stickers","Pokémon cards","Panini stickers",2,10
"Which of the following failed to make the top ten most popular girls' names in England and Wales in 2017?","Ella","Emily","Evie",2,10
"If Christmas Day falls on a Friday, on which day would New Year's Day fall?","Saturday","Friday","Thursday",1,4
"According to a recent study, young people in which of these countries are most likely to engage in political activity?","UK","Denmark","Portugal",1,12
"Bradford became the first ever city to receive which of these honours?","City of Film","City of Sustainability","City of Culture",0,6
"In Australia, general elections usually take place on which day of the week?","Saturday","Friday","Sunday",0,8
"Celebrating their birthday this week, what character is famous for urging people to prevent wildfires?","Stormi Webster","Ichabod Crane","Smokey Bear",2,1
"Which of these members of the House of Lords was NOT born in Britain?","Baroness Kingsmill","Lord Pickles","Lord Crisp",0,11
"In the UK, the only calendar month beginning with “D” falls in which of these seasons?","Summer","Winter","Spring",1,3
"Which of these London landmarks cost the most to build?","The Shard","City Hall","London Eye",0,5
"Which of these was used by native Australians primarily for communicating over great distances?","Bullroarer","Gumleaf","Boomerang",0,8
"How many calendar months begin with the letter “J”?","3","15","12",0,1
"What do people usually cross to wish for good luck?","Their fingers","Their eyes","The road",0,1
"In education, what does the ''B' stand for in BTEC?","Boarding","Business","Brilliant",1,3
"Before turning to circles, the USDA’s diagram of a balanced diet was in the shape of what?","Octagon","Trapezoid","Pyramid",2,4
"Which animal does NOT get a turn in the rotation on the Chinese zodiac calendar?","Rat","Rabbit","Duck",2,6
"Tibetan Buddhists use what term to describe the state of being between one life and the next?","Nirvana","Karma","Bardo",2,7
"In the United States, Thanksgiving takes place on the fourth Thursday of which month?","July","December","November",2,3
"In Denmark, how do people traditionally welcome the New Year?","Wear coloured underwear","Jump off a chair","Eat seven meals",1,12
"What name is normally given to an organised research centre for policies?","Think tank","Think bunker","Think tunnel",0,3
"In which of these countries is a comma generally used instead of a dot in a decimal number?","India","Mexico","France",2,8
"The Chinese philosopher Laozi is considered the founder of what religion?","Shinto","Zoroastrianism","Taoism",2,8
"Which of the following is one of the twelve animals of the Chinese Zodiac?","Rooster","Raccoon","Rhinoceros",0,3
"The Russell Group of universities takes its name from which of the following?","Alfred Russel Wallace","The Russell Hotel","Bertrand Russell",1,11
"Which of these workout or yoga movements requires you to touch the floor with your hands?","Downward-facing dog","Mountain","Warrior",0,4
"The current pope named himself after what?","Saint","Shepherd","Prior pope",0,8
"What do couples often read to each other during their wedding ceremony?","Wedding meter readings","Wedding vows","Wedding voucher codes",1,1
"Which of these countries' national libraries has the largest catalogue of items?","Germany","Spain","Denmark",2,9
"Iceland does NOT have which of the following?","A World Heritage Site","A constitution","A public rail system",2,7
"According to legend, William Tell used a bow and arrow to shoot what off his son’s head?","“X-Files” DVD box set","Apple","Yankees hat",1,1
"By definition, a person with “tall poppy syndrome” dislikes what?","Heights","Poppies","Successful people",2,6
"Which of these news publications closed months after its introduction in 2016?","City AM","The New Day","The Week",1,7
"A finely attired person is said to be dressed in what way?","As a scarecrow","To the nines","Like a fruit salad",1,2
"The “Five K's” are associated with which major religion?","Hinduism","Sikhism","Buddhism",1,5
"In politics, a reversal of policy is usually known as what?","U-turn","Q-turn","P-turn",0,3
"In the early noughties, the Empire State Building was illuminated green to celebrate which of these?","Popeye","The Hulk","Shrek",0,11
"Of these countries, which has the lowest average age for young people leaving their parents' home?","Poland","UK","Sweden",2,18
"@Pontifex is the Twitter handle of which religious figure?","Bishop of Durham","Dalai Lama","The Pope",2,4
"Which of these events took place earliest in the 80s?","Pac-Man's release","Birth of Prince William","MTV's launch",0,9
"Of these three names, which was the most popular for baby girls in England and Wales in 2017?","Ivy","Daisy","Jessica",2,11
"Which of these royals has a child born on St George's Day?","The Prince of Wales","The Duke of York","The Duke of Cambridge",2,8
"Which of the following occurs on October 31?","Valentine's Day","Manic Monday","Halloween",2,2
"What did over 6000 people state as their religion in the 2011 UK census?","Jazz","Disco","Heavy metal",2,6
"Which of these is NOT a primary judging criterion in the UK Cosplay Championships?","Audience impact","Needlework","Armour",0,11
"Google reported a spike in which of these searches following the announcement of a royal pregnancy?","Where is Australia?","Who is Harry?","When is spring?",2,8
"What does Princess Eugenie's new husband do for a living?","Drinks ambassador","Chocolate taster","Video games tester",0,10
"According to a famous nursery rhyme, there was an old woman who lived where?","On Instagram","At the DMV","In a shoe",2,1
"According to “The Knot,” 2017’s most popular month to get married was what?","August","September","May",1,11
"Santa Claus is associated with which annual holiday?","Oktoberfest","Christmas","Groundhog Day",1,1
"What are some law students in India going to study as part of their course?","Harry Potter","The Hunger Games","Breaking Bad",0,8
"In which of these countries is the “Day of the Dead” a national holiday shortly after Halloween?","Mexico","Turkey","Russia",0,5
"In some regions of the US, what name is given to the night before Halloween?","Cabbage Night","Corn Night","Cherry Night",0,8
"In the Halloween legend of “Stingy Jack” what does the Devil turn himself into?","A black cat","A pumpkin","A coin",2,10
"To celebrate Halloween, what did hundreds of “witches” do in the north-west United States?","Bury themselves alive","Paddle down a river","Camp out in a graveyard",1,6
"What tradition do women often perform when meeting the Queen?","Fist bump","Holla","Curtsy",2,1
"According to a report this week, 7000 UK households still do what?","Dress for dinner","Watch black & white TV","Use dial-up internet",1,8
"Which food do British expats in Australia miss the most, according to a new report?","Jaffa Cakes","Chocolate digestives","Baked beans",2,11
"Which of these academic institutions is NOT part of the American “Ivy League”?","Cornell","Stanford","Dartmouth",1,7
"What is Mad-Eye Moody’s real first name?","Alastor","Mundungus","Bastien",0,4
"King Willem-Alexander has been the monarch of which country since 2013?","Belgium","The Netherlands","Sweden",1,6
"What did four people disguise themselves as in order to cross a bridge that was not open to pedestrians?","Sheep","A tumbleweed","A bus",2,6
"The talent agent credited with signing Simon and Garfunkel is better known for launching a line of what comestible?","Breakfast sausages","Potato chips","Chocolate chip cookies",2,15
"Which “P” is used to describe money regularly given to children?","Protein","Pocket","Parsley",1,1
"What do people traditionally do before blowing out their birthday candles?","Fry a fish","Make a wish","Break a dish",1,1
"Which of these is NOT a city in the UK?","London","Liverpool","Lyon",2,2
"Which of these is NOT in the Top 10 of most common Irish surnames?","Fitzgerald","Walsh","Ryan",0,12
"Which country's outline is commonly referred to as a “boot” due its appearance on a map?","Italy","Ireland","Indonesia",0,3
"In which country is Africa’s second highest mountain located?","Kenya","Uganda","Tanzania",0,6
"Of the following occasions, which is the only public holiday in Kazakhstan?","Women's Day","Friendship Day","King's Day",0,10
"The Brooklyn Bridge is found in which city?","Mordor","New York","Springfield",1,1
"The famous “Hollywood' sign in Los Angeles originally said what?","Hollywoodville","Hollywoodland","Hollywoodworld",1,6
"People from the Channel Island of Guernsey are sometimes known as what?","Guerns","Guerneyans","Guerners",0,7
"Which of these journeys takes the longest time when travelling on a non-stop flight?","Phuket to Singapore","Paris to Stockholm","Perth to Sydney",2,12
"Which of these countries spans more than one continent?","Iran","Costa Rica","Egypt",2,6
"Which of these cities begins a new day first?","Melbourne, Australia","Tokyo, Japan","Jakarta, Indonesia",0,7
"A “Dubliner” is someone from a city in which country?","Wales","Scotland","Ireland",2,1
"Which of these countries does NOT have a TV licence fee?","Bulgaria","Switzerland","Austria",0,11
"“Paramaribo” and “Georgetown” are capital cities of countries belonging to which continent?","Asia","South America","Africa",1,6
"Which of these cities is the furthest north?","Munich","Montreal","Minneapolis",0,10
"Residents of which of these three countries are most likely to travel by coach?","France","Poland","Luxembourg",2,12
"Which of the following is a capital city?","Karachi","Jeddah","Abu Dhabi",2,5
"Which of these cities is the capital of an African country?","Thimphu","Manama","Asmara",2,8
"Which of these is the name of a supposed former land connection between India and Sri Lanka?","Eden's Bridge","Eve's Bridge","Adam's Bridge",2,7
"Which of these is a village near the English city of Durham?","Pity Me","Great Snoring","Matching Tye",0,10
"Which of these is NOT one of the Top 10 most common Italian surnames?","Rossi","Russo","Rizzi",2,12
"Of the 100 largest cities in the US, which is the nearest to London?","New York","Anchorage","Boston",2,7
"Which of these sculptures is located in Tyne and Wear?","Venus de Milo","Angel of the North","Statue of Liberty",1,2
"Which of the following cities is an anagram of its country's capital?","Cairns","Parma","Kyoto",2,4
"The world’s oldest airport still in operation is closest to what metropolitan area?","Raleigh, NC","Columbus, OH","Washington, DC",2,9
"By population, what is the largest country in the European Union?","Italy","Germany","France",1,4
"Which of these continents has the highest percentage of desert?","Antarctica","Australia","Africa",0,8
"What is the common nickname for London’s Elizabeth Tower and the bell it contains?","Little George","Big Ben","Impatient Charlie",1,1
"Being born in which of these places in Kent traditionally entitles a male to be called a “Man of Kent”?","Sittingbourne","Gravesend","Sevenoaks",0,11
"Which of the following is one of the only two landlocked countries in South America?","Peru","Ecuador","Paraguay",2,8
"Vietnam is home to which of the following?","World's largest statue","World's largest temple","World's largest cave",2,10
"In a 2015 study, residents of which city considered themselves the MOST satisfied to live there?","Munich","Copenhagen","Belfast",2,11
"Which country is sometimes described as the “Emerald of the Equator”?","Thailand","Brazil","Indonesia",2,6
"Until World War II, a large part of which modern country was known abroad as Abyssinia?","Sudan","Ethiopia","Algeria",1,5
"Which of the following is the name of a city in the USA?","Liberation","Revolution","Independence",2,8
"Which of these is a British overseas territory?","Atlantis","Cloud-cuckoo-land","Gibraltar",2,2
"Which of these is the northernmost capital city in South America?","Lima","Georgetown","Quito",1,10
"Which of these countries had the highest number of foreign overnight visitors in 2016?","Thailand","Germany","Mexico",1,9
"Ukrainian is an official minority language spoken in which of these countries?","Papua New Guinea","Peru","Poland",2,4
"Of these three countries, which had the highest quality of roads according to a 2017 survey?","United Kingdom","Norway","Belgium",0,11
"Famous for its floating market, the Chao Phraya river runs through which Asian city?","Bangalore","Bangkok","Beijing",1,5
"Which of these measures the distance north or south of the equator?","Latitude","Altitude","Longitude",0,6
"In what country is the official currency the renminbi?","Japan","China","Mongolia",1,11
"In what continent would you find the longest international land border?","North America","Asia","South America",0,9
"What is the official language of the Caribbean island of Montserrat?","French","English","Spanish",1,7
"The Gulf Stream takes its name from which of these places?","Hogwarts","Thames Estuary","Gulf of Mexico",2,2
"Which of these countries has a coastline on the South Atlantic Ocean?","Peru","Ecuador","Uruguay",2,5
"According to a 2017 survey, what is the most popular girls' name in the world?","Anna","Lara","Sofia",2,12
"Of these countries, which has the most colours in its flag?","Bangladesh","Dominica","Namibia",1,11
"Which of these landmarks is taller than the Eiffel Tower?","Washington Monument","Statue of Liberty","Empire State Building",2,4
"The Malagasy people are native to which of these countries?","Mali","Madagascar","Mozambique",1,6
"Which of these countries' capital cities has the lowest estimated population?","Australia","Canada","Ireland",0,11
"On the island of Tasmania you might see what atmospheric phenomenon?","Aurora Australis","Aurora Borealis","Aurora Surialis",0,7
"What is the body of water that separates Asian Turkey from European Turkey?","The Euphrates","The Caspian Sea","The Bosporus",2,5
"Which of the following is located between South America and Africa?","Southern Rail","South Park","South Atlantic Ocean",2,2
"Which letter does NOT feature in any of the US state names?","Q","Y","Z",0,4
"Which of these pairs of countries redrew part of their national borders in early 2018?","Latvia / Russia","India / Bangladesh","Netherlands / Belgium",2,9
"Which of these British actors has won Grammy Awards for narrating Harry Potter books?","Jim Dale","Christian Bale","Jimmy Nail",0,10
"The Bajau people of Southeast Asia mainly live where?","In volcanoes","In the jungle","On the sea",2,5
"Which of these countries has the largest population?","Canada","Colombia","Cameroon",1,11
"Which of these European capitals is home to extinct volcanoes?","Madrid","Edinburgh","Berlin",1,7
"Which of these towns is named after a saint famed for giving advance warning of invading forces?","St Austell","St Ives","Saint Helier",2,12
"Ko Kut and Ko Mak are islands belonging to which country?","Thailand","Fiji","Vietnam",0,4
"What does the letter “K” stand for in Pakistan?","Karachi","Kashmir","Khyber",1,8
"Which of these places has the nickname “City of Lights”?","Central New Jersey","Paris","Eastern Eurasia",1,1
"Which of these countries is NOT part of the UK?","England","Scotland","Republic of Ireland",2,4
"What country is known to the people who live there as Zhongguo?","Mongolia","Cambodia","China",2,6
"Which of these countries does NOT have income tax?","Barbados","Panama","Monaco",2,6
"The capital's airport in which of these countries is named after a composer?","Austria","Poland","Finland",1,8
"Despite rising sea levels, which of the following island nations is reported to be growing larger?","Tuvalu","The Maldives","Mauritius",0,12
"As of 2018, which of these countries has the highest-paid top government leader?","India","China","Australia",2,7
"Which of these California cities is named after a tree?","Palo Alto","Redlands","Whittier",0,11
"Which country's capital city derives from a word meaning 'capital city'?","Qatar","Nepal","South Korea",2,11
"Which of these countries does NOT have a mountain called “Sugar Loaf”?","Brazil","Wales","South Africa",2,7
"Which city is commonly referred to as “LA”?","Madrid","Nottingham","Los Angeles",2,1
"The full name of the Statue of Liberty is “Liberty” what?","Enlightening the World","Observing the World","Uniting the World",0,8
"Which of these is located in London?","Mario's Castle","The Eye of Sauron","The Shard",2,2
"Which country holds the record for the hottest temperature on Earth?","USA","Ethiopia","Australia",0,7
"Which of these countries' flags features a white cross over a red background?","Austria","England","Switzerland",2,6
"Which of these countries is NOT considered to be in Sub-Saharan Africa?","Cameroon","Morocco","Ethiopia",1,6
"What is the former name of Times Square in New York?","Washington Square","Longacre Square","Haarlem Square",1,7
"The top-level domain .tv originates from a nation located where?","Africa","Polynesia","Europe",1,14
"Which of the following is one of South Africa's highest peaks?","Krug Castle","Cristal Castle","Champagne Castle",2,9
"Which of these locations in the British Isles is NOT an island?","Inis Mór","Fair Isle","Barry Island",2,7
"The capital cities of the USA and New Zealand begin with which letter?","A","N","W",2,5
"Which territory’s flag depicts a maritime disaster?","Bermuda","British Virgin Islands","Cayman Islands",0,12
"Of these Mediterranean islands, which is the largest in size?","Cyprus","Crete","Corsica",0,8
"The Channel Tunnel links England with which other country?","France","Mexico","Canada",0,1
"Which of these placed highest on Time Out's recent “cool neighbourhoods” survey?","City Bowl, Cape Town","West Village, New York","Peckham, London",2,12
"Which of the following cities does NOT currently have a tram system?","Sheffield","Nottingham","Bristol",2,6
"The name of which island nation’s capital does NOT contain the word “King”?","Jamaica","St. Vincent / Grenadines","Barbados",2,19
"Which country’s current leader was born most recently?","Iceland","Canada","France",2,21
"Which of these countries' capitals features in the current NATO phonetic alphabet?","Peru","Russia","Canada",0,6
"What is the name of the world's second highest mountain?","BBC3","K2","M25",1,2
"Which of these US states features the Union Jack on its official flag?","Virginia","Hawaii","North Carolina",1,8
"Which of these is the capital of the European Union's newest member state?","Ljubljana","Zagreb","Bratislava",1,9
"One Canada Square is an iconic building in which area of London?","Cockatiel Dock","Budgie Quay","Canary Wharf",2,2
"Which of these canals connects the Atlantic with the Pacific Ocean?","Suez Canal","Panama Canal","Grand Canal",1,4
"Which of the following is NOT a UNESCO World Heritage Site?","Loch Ness","Blenheim Palace","Giant's Causeway",0,6
"What is the capital of the US state with the longest official name?","Providence","Boston","Harrisburg",0,7
"A ship moving through the Panama Canal from the Atlantic to the Pacific goes mostly in which direction?","Southeast","Southwest","Northwest",0,10
"Which of these cities is east of Atlanta?","Detroit","Cincinnati","Indianapolis",0,16
"Which of these landmarks is located in South America?","Machu Picchu","Angkor Wat","Eiffel Tower",0,4
"Which of these places' original name is thought to derive from the theory that natives wore fishskin clothes?","Finland","Iceland","Greenland",0,10
"Which of these countries does NOT have its flag incorporated in the Union Jack?","Wales","England","Scotland",0,4
"Which of these capitals has over 150 canals?","Rome","Amsterdam","Berlin",1,4
"Which of these countries shares the shortest border with Russia?","North Korea","Estonia","Norway",0,10
"Which city's nickname is “The Big Easy”?","New York","Newcastle","New Orleans",2,5
"The longest sea bridge in the world connects which two places?","China / Hong Kong","Australia / New Zealand","California / Hawaii",0,5
"Because of their unique appearance, “lenticular” clouds are often mistaken for what?","UFOs","Tornadoes","Migrating birds",0,6
"The world's deepest natural point, the Mariana Trench, lies in which ocean?","Pacific","Indian","Atlantic",0,6
"What is the name of the canal system that links Birmingham and London?","Grand Capital Canal","Grand Central Canal","Grand Union Canal",2,6
"Which of these American states is NOT part of “New England”?","Maine","New Jersey","Vermont",1,8
"Which river has two national capitals right across from each other?","Danube","Congo","Nile",1,10
"Which of these Asian countries features a white circle on its national flag?","Laos","Sri Lanka","Mongolia",0,12
"The tarantula takes its name from a place in which of these countries?","Italy","Colombia","Mexico",0,5
"Which of these countries has a national anthem with official lyrics?","Kosovo","Switzerland","Spain",1,14
"Which of these is a row of three chalk stacks off the Isle of Wight coast?","The Posts","The Needles","The Shales",1,4
"Which of these countries had its name changed by its king in 2018?","Burundi","Swaziland","Eritrea",1,7
"What is traditionally regarded as the opposite end of the British mainland to Land's End?","Jack o'Farthings","John o'Groats","Jill o'Shillings",1,2
"In which country is Africa's highest mountain?","Tanzania","Uganda","Kenya",0,6
"Which of these US states takes its nickname from an animal that burrows underground?","Wisconsin","West Virginia","Colorado",0,9
"Which of these English counties is furthest north?","Cheshire","Cumbria","Cambridgeshire",1,3
"Which of these was NOT one of the six constituent parts of the “Socialist Federal Republic of Yugoslavia”?","Moldova","Montenegro","Macedonia",0,17
"According to the Ordnance Survey, which of these English counties has the longest coastline?","Devon","Essex","Cornwall",2,19
"Which of these increased the physical size of the US the most?","Alaskan purchase","Mexican Cession","Texas Annexation",0,20
"To the nearest mile, how long is the Channel Tunnel?","301 miles","101 miles","31 miles",2,4
"Which province does NOT touch Canada’s “Four Corners” monument?","Alberta","Manitoba","Saskatchewan",0,10
"Which is the only US state to border both two of the Great Lakes as well as an ocean?","Michigan","New York","Massachusetts",1,9
"Which of these is NOT the name of a group of islands in Alaska?","Rat Islands","Penguin Islands","Fox Islands",1,11
"Which of these is the name of a Christian Dior fragrance?","Hot dog","Sauvage","Bratwurst",1,3
"What did US airline Southwest remove in the mid 90s to save money?","Logos from rubbish bags","Male stewards","Olives from meals",0,12
"What are the opening hours of a service that runs 24/7?","Tuesday","All the time","Christmas Day",1,1
"Which of these rivers does NOT run through a nation’s largest city?","Nile","Yangtze","Amazon",2,13
"Which airline claims that it was the first in the world to ban smoking on all its flights?","Air Aurigny","KLM","Alaska Airlines",0,12
"Which of these services would you be most likely to call if your vehicle breaks down?","B & Q","AA","KFC",1,1
"Which of these sportswear companies was NOT founded in the UK?","Reebok","Umbro","Puma",2,7
"The world's wealthiest sports owner is from which of these countries?","India","Russia","China",0,9
"In 2003, a record-setting bequest was gifted to NPR from a fortune largely made by selling what?","Newspapers","Computers","Hamburgers",2,8
"Which of these people has NOT worked at McDonald's?","Brad Pitt","P!nk","Jeff Bezos",0,9
"Hollywood star James Stewart was an original board member of  an early version of which company?","Netjets","Nike","KFC",0,12
"Who did NOT feature in the Top 200 of the 2018 Sunday Times Rich List?","James Dyson","Lord Sugar","Lord Sainsbury",2,11
"Which of the following is the name of a document that shows a company's assets and liabilities?","Balance beam","Balance scales","Balance sheet",2,2
"Who patented the first practical air-filled tyres for bicycles in 1888?","A railway guard","A construction worker","A veterinary surgeon",2,8
"Which car company marked its 50 millionth vehicle by making a car covered in 24-carat gold?","Chrysler","General Motors","Ford",1,10
"Which UK cycling manufacturer was founded in Nottingham in 1887?","Raleigh","Harley-Davidson","Suzuki",0,3
"According to 2017 figures, which of these countries has the highest average cost for a wedding ceremony?","Canada","Czech Republic","Italy",1,12
"What does a pub landlord traditionally do to indicate last orders?","Tickle the customers","Put ''Big Brother' on TV","Ring a bell",2,1
"Which supermarket's history can be traced back to a family of butchers in northern England?","Tesco","Asda","Sainsbury's",1,10
"As of 2018, of these three cities which has the highest number of billionaire residents?","Shenzhen","London","Dubai",0,12
"The London store Hamleys is most famous for selling what?","Petrol","Toys","Whisky",1,2
"In which country does one litre of petrol currently cost approximately one US cent?","Kuwait","Venezuela","Nigeria",1,6
"Which aviation pioneer made a fortune in the timber industry before building the first of his aircraft out of wood?","William Boeing","Charles Lindbergh","Clyde Cessna",0,8
"Disbarment is the removal of the license for which type of professional?","Lawyer","Bartender","Doctor",0,3
"What does the acronym “MAC” stand for in MAC Cosmetics?","Makeup Art Cosmetics","Most Alluring Choice","Mask and Contour",0,6
"What does the “C” stand for in the name of the fast food chain KFC?","Chicken","Chalk","Chewbacca",0,1
"Which of these celebrities has a design company that has launched its own range of tiles?","Lisa Kudrow","Lady Gaga","Lenny Kravitz",2,9
"Which confectionery brands' name is believed to have been inspired by the noise made by its production machine?","Wispa","Crunchie","Hershey's Kiss",2,10
"The coffee chain Starbucks takes its name from which of these?","A Kenyan animal","A US literary character","A Colombian jewel",1,7
"Who launched the first ever Topshop?","John Lewis","Raymond Burton","Joseph Hepworth",1,3
"Target’s bull terrier mascot, Bullseye, is what kind of animal?","Dog","Woolly mammoth","Komodo dragon",0,2
"Which of these countries' monarchs has piloted commercial planes for its national carrier?","Jordan","Netherlands","Sweden",1,6
"The business term “AGM” stands for Annual General what?","Marmalade","Mingle","Meeting",2,2
"Experiments in a New York kitchen in the 1930s led to an early patent for what?","Dishwasher","Photocopier","Fax machine",1,9
"Which of these countries has the greatest number of billionaires?","Germany","Russia","United Arab Emirates",0,9
"The two seven-sided coins in circulation in the UK are the 50p coin and which other?","20p","5p","£1",0,4
"Which of these events took place in the 1920s?","Wall Street Crash","Tulip mania","Dot-com bubble",0,3
"The Royal Mail released a stamp collection celebrating which of these bands in 2016?","Led Zeppelin","Pink Floyd","Queen",1,5
"A male model in a laundrette famously advertised what in the 80s?","Pepsi","Ray-Bans","Levi's",2,4
"Which of these were sold for the first time in the UK in the 80s?","SodaStream machines","Leg warmers","Post-it Notes",2,8
"Which luxury car brand's logo features a bull?","Lamborghini","Maserati","Porsche",0,7
"Kylie Jenner once caused a $1.3 billion drop in the stock of which app?","Instagram","Snapchat","Pinterest",1,5
"Which of these is the name of a UK-based greetings card manufacturer?","Sundonkey","Neptunecow","Moonpig",2,3
"“The power of dreams” has been used as an advertising slogan for which Japanese car manufacturer?","Honda","Toyota","Mitsubishi",0,5
"Which of these stars' brothers was the Chief Operating Officer of the New York Stock Exchange?","Stephen Colbert","Jon Stewart","Conan O'Brien",1,10
"The ornamental features found on the front of car bonnets were originally designed for what use?","Thermometers","Towbars","Reflective indicators",0,8
"The McDonald’s Corporation was sued in the 1970s for creating characters too similar to whose?","Sid & Marty Krofft","The Muppets","Hanna-Barbera",0,8
"A campaign was launched to see England footballer Harry Maguire doing what on the new £50 note?","Fighting a dragon","Riding a unicorn","Building a castle",1,7
"Which of these was an early name for a frisbee?","Venus vortex","Saturn saucer","Pluto platter",2,6
"Where do planes normally land and take off from at an airport?","Driveway","Runway","Motorway",1,1
"What does the letter N stand for in the companies collectively described as “FANG” businesses?","Netflix","Nintendo","Nike",0,7
"Which of these companies was the fastest to reach a valuation of $1 billion?","Apple","Airbnb","Bird",2,11
"An Australian billionaire announced plans to do what?","Build Titanic 2","Fly to the sun","Build tunnel to UK",0,4
"The name of which sportswear brand is based on a Latin motto?","Reebok","Nike","ASICS",2,9
"Which of these companies took its name from a river that ran behind the founder's house?","Amazon","Canon","Adobe",2,9
"The world's biggest branch of which store opened in Madrid in 2017?","Zara","Gap","Uniqlo",0,12
"In which decade was Richard Branson's Virgin Atlantic founded?","90s","80s","70s",1,7
"The first UK branch of which shop opened in South London in the late 80s?","Primark","H&M","Blockbuster",2,11
"What type of person will feature on the next £50 note from the Bank of England?","A scientist","A painter","A financier",0,5
"Which of these cities is NOT among the top five most popular destinations from Heathrow?","Dubai","Los Angeles","Hong Kong",1,10
"Which of these massive companies once sold noodles as its main product?","Honda","Samsung","Alibaba",1,9
"Which of these coins was introduced most recently?","50p","20p","£1",2,9
"Which satirical Twitter feed pokes fun at the world of business?","StateofLinkedin","StateofFacebook","StateofPinterest",0,4
"Which of these organisations is traditionally known by the nickname “Auntie”?","Burger King","BBC","Tesco",1,3
"Which of these hotel chains is named after an explorer?","Radisson","Ramada","Marriott",0,12
"“ATOL” is a professional body in which industry?","Advertising","Telecoms","Travel",2,4
"Which of these brands' logos takes inspiration from a Roman god?","Alfa Romeo","Lamborghini","Maserati",2,8
"Which of these supermarkets was the first to offer customers a cashback service in the UK?","Tesco","Sainsbury's","Asda",0,10
"According to Samuel Pepys, England's first what opened in Oxford in the early 1650s?","Coffee shop","Taxi company","Library",0,12
"Which supermarket's Christmas ad is unlikely to be shown on TV because it is “too political”?","Sainsbury's","Iceland","Asda",1,2
"Which of these terms refers to falling stock prices?","Bull market","Badger market","Bear market",2,6
"What does the “D” stand for in the economic term “GDP”?","Deficit","Demand","Domestic",2,4
"Which US city has been credited with originating the phrase “Black Friday”?","Los Angeles","New York","Philadelphia",2,10
"Which of these restaurant chains has the largest number of outlets in the world?","McDonald's","Subway","KFC",1,10
"Of these car brands, which was the best-selling globally in 2017?","Fiat","Peugeot","Audi",2,14
